time,loops,sizehash,timeinselect
0,1,0,0
0,1,1,0
0,1,2,0
0,1,3,0
0,1,4,0
0,1,5,0
0,1,6,0
0,1,7,0
0,1,8,0
0,1,9,0
0,1,10,0
0,1,11,0
0,1,12,0
0,1,13,0
0,1,14,0
0,1,15,0
0.000997305,1,16,0.000997305
0,1,17,0
0,1,18,0
0,1,19,0
0,1,20,0
0,1,21,0
0.000997305,1,22,0.000997305
0.000997305,1,23,0.000997305
0,1,24,0
0,1,25,0
0,1,26,0
0,1,27,0
0,1,28,0
0,1,29,0
0,1,30,0
0,1,31,0
0,1,32,0
0,1,33,0
0,1,34,0
0.000997543,1,35,0.000997543
0,1,36,0
0.000997305,2,37,0
0.000997543,2,38,0.000997543
0.000997305,2,39,0
0.000997543,2,40,0.000997543
0.000997305,2,41,0
0.000997782,2,42,0
0.000997305,2,43,0
0.001994371,2,44,0.000997066
0.000998735,2,45,0
0.000997543,2,46,0
0.000996828,2,47,0
0.000997543,2,48,0
0.000997543,2,49,0
0.000997543,2,50,0
0.001994371,2,51,0.000997305
0.001994133,2,52,0.00099659
0.001995087,2,53,0.000997543
0.001994371,2,54,0.000997066
0.00199461,2,55,0.000997305
0.000997543,2,56,0
0.001994848,2,57,0.000997543
0.001994371,2,58,0.000997305
0.00199461,2,59,0.000997305
0.001994133,2,60,0.000997066
0.002992392,2,61,0.001995087
0.001994848,2,62,0.000997543
0.000997305,2,63,0
0.00199461,2,64,0.000997543
0.002992153,2,65,0.001995087
0.00199461,2,66,0.000997782
0.001994371,2,67,0.001994371
0.001994371,2,68,0
0.001994133,2,69,0.000997066
0.002992868,2,70,0.001995564
0.001994371,2,71,0
0.000998259,2,72,0
0.000997543,2,73,0
0.001994371,2,74,0.001994371
0.001994371,2,75,0.000997305
0.001995087,2,76,0.000997305
0.00199461,2,77,0.000997782
0.002991915,2,78,0.001994848
0.001995087,2,79,0.001995087
0.001994848,2,80,0.000997066
0.001995325,2,81,0.000997543
0.000997543,2,82,0
0.001995325,2,83,0.00099659
0.000996828,2,84,0
0.001993895,2,85,0.000997066
0.001995802,2,86,0.000998259
0.000997305,2,87,0
0.001995325,2,88,0.000997543
0.000997305,2,89,0
0.001994133,2,90,0.001994133
0.002991438,2,91,0.00099659
0.00199461,2,92,0.00199461
0.001995087,2,93,0.001995087
0.001994133,2,94,0.001994133
0.002991676,2,95,0.00099659
0.001994133,2,96,0.000997066
0.000997305,2,97,0
0.001994371,2,98,0.001994371
0.001994848,2,99,0.000998259
0.001995087,2,100,0.000997782
0.00199461,2,101,0.00199461
0.001995087,2,102,0.001995087
0.00199461,2,103,0.000997066
0.001995802,2,104,0.00099802
0.001994848,2,105,0.000997305
0.001995087,2,106,0.000998497
0.001994371,2,107,0.001994371
0.00250864,2,108,0.001511097
0.000997543,2,109,0
0.001994848,2,110,0.001994848
0.001994848,2,111,0.000997305
0.002992153,2,112,0.001994371
0.00199461,2,113,0.000997543
0.001994848,2,114,0.001994848
0.002992392,3,115,0.000997543
0.001994371,2,116,0.000997543
0.001994848,2,117,0.000997543
0.001994371,2,118,0.000997066
0.001995087,2,119,0.000997305
0.002991676,2,120,0.00199461
0.00199461,2,121,0.000997782
0.002991438,2,122,0.001994371
0.002991438,2,123,0.001993895
0.00199461,2,124,0.000997543
0.00199461,2,125,0.000997305
0.000997782,2,126,0
0.001994133,2,127,0.001994133
0.002992153,2,128,0.001995325
0.001996517,2,129,0.000997782
0.001994848,2,130,0.000997305
0.001993895,2,131,0.000996351
0.00299263,2,132,0.001994133
0.001994848,2,133,0.001994848
0.001993656,2,134,0.000996828
0.00199461,2,135,0.00199461
0.00199461,2,136,0.000997782
0.001993895,2,137,0.001993895
0.002992392,2,138,0.001994133
0.001994848,2,139,0.000997066
0.001993895,2,140,0.001993895
0.001995564,2,141,0.001995564
0.001994848,2,142,0.001994848
0.001994371,2,143,0.00099659
0.00199461,2,144,0.00199461
0.00199461,2,145,0.00099802
0.002992153,2,146,0.001995087
0.00199461,2,147,0.00199461
0.00199461,2,148,0
0.002992153,2,149,0.00199461
0.00199461,2,150,0.000997305
0.001995325,2,151,0.000997543
0.002993345,3,152,0.000997066
0.002991915,3,153,0.002991915
0.003988981,3,154,0.002992153
0.001994133,2,155,0.001994133
0.00199461,2,156,0.00199461
0.00199461,2,157,0.000997782
0.002992868,2,158,0.00199604
0.002993345,2,159,0.001996994
0.002991438,2,160,0.001993656
0.001994371,2,161,0.000997782
0.00299263,3,162,0.00199604
0.001993895,2,163,0.000997066
0.00398922,3,164,0.002991676
0.002992153,3,165,0.001995325
0.002991915,3,166,0.001994371
0.00199461,2,167,0.000996351
0.002992153,2,168,0.00199461
0.001993418,2,169,0.001993418
0.002992392,2,170,0.001994133
0.002991915,3,171,0.002991915
0.001992941,2,172,0.001992941
0.002992868,2,173,0.001995087
0.002991438,2,174,0.001993895
0.002991199,3,175,0.00199461
0.003988981,2,176,0.001998663
0.003989458,2,177,0.002990961
0.002993584,3,178,0.000999451
0.001995325,2,179,0.000998259
0.001994133,2,180,0.00099659
0.003989697,2,181,0.002992153
0.003989458,3,182,0.003989458
0.002991915,2,183,0.00199461
0.002991438,3,184,0.001993418
0.004986525,3,185,0.003989458
0.002991438,3,186,0.001993895
0.003988981,3,187,0.002992153
0.005983829,3,188,0.004986286
0.003989458,3,189,0.002991438
0.002991915,3,190,0.001993895
0.004985809,3,191,0.003988743
0.004986286,3,192,0.003989697
0.004986286,3,193,0.001995087
0.00398922,3,194,0.002991676
0.003988743,3,195,0.002991676
0.00498724,3,196,0.003990412
0.003988743,3,197,0.002992153
0.003991365,3,198,0.002993822
0.003988743,3,199,0.002992153
0.003989697,3,200,0.002992392
0.00398922,3,201,0.002992392
0.003988743,3,202,0.002991915
0.003989697,3,203,0.000996351
0.003990173,3,204,0.002992392
0.004986048,3,205,0.004986048
0.003989697,3,206,0.002995491
0.004987955,3,207,0.002993107
0.003989458,3,208,0.002991676
0.005983353,3,209,0.004986286
0.004987001,3,210,0.00398922
0.006981134,3,211,0.005983829
0.005984545,3,212,0.00498724
0.005984068,3,213,0.004986525
0.005983353,3,214,0.004985809
0.004986763,3,215,0.003989697
0.005983591,3,216,0.004986286
0.005984068,3,217,0.004987001
0.005983829,3,218,0.004986286
0.005983829,3,219,0.004986525
0.006981373,3,220,0.004986525
0.005983591,3,221,0.00398922
0.006981134,3,222,0.005983591
0.006493092,3,223,0.004498243
0.003988743,3,224,0.002991915
0.005984306,3,225,0.00498724
0.005983114,3,226,0.004985571
0.004987001,3,227,0.004987001
0.006981611,3,228,0.005983591
0.00698185,3,229,0.005984306
0.006980419,3,230,0.005983353
0.005984068,3,231,0.004986525
0.00598526,3,232,0.003987789
0.004986048,3,233,0.003988743
0.004986286,3,234,0.003988743
0.003985643,3,235,0.002988577
0.005984068,3,236,0.004983425
0.006980896,3,237,0.004986525
0.005984306,3,238,0.004986763
0.004988432,3,239,0.004988432
0.004985094,3,240,0.003987551
0.006982088,3,241,0.003988981
0.005983829,3,242,0.002992153
0.003989458,3,243,0.002990961
0.00398922,3,244,0.002991676
0.003989458,3,245,0.002992392
0.004985809,3,246,0.00398922
0.006981373,3,247,0.00498724
0.00398922,3,248,0.002991915
0.004985571,3,249,0.004985571
0.004986525,3,250,0.003989935
0.004986763,3,251,0.00398922
0.003991127,3,252,0.002993822
0.004986286,3,253,0.002991438
0.004987001,3,254,0.003989458
0.00398922,3,255,0.002991676
0.005984306,3,256,0.004986763
0.003989458,3,257,0.002991676
0.004986048,3,258,0.003988743
0.004986763,3,259,0.003988504
0.004986763,3,260,0.003989458
0.00498724,3,261,0.003989935
0.004986525,3,262,0.00398922
0.004986763,3,263,0.004986763
0.004986525,3,264,0.004986525
0.004986763,3,265,0.003988266
0.004986763,3,266,0.00398922
0.004986525,3,267,0.003989458
0.004986525,3,268,0.003989458
0.004986763,3,269,0.004986763
0.005493402,3,270,0.003980398
0.00498724,3,271,0.003989935
0.004986286,3,272,0.004986286
0.004986763,3,273,0.003990173
0.005984068,3,274,0.004983902
0.005984545,3,275,0.004987478
0.004985809,3,276,0.003988981
0.004986048,3,277,0.003988743
0.004986286,3,278,0.003988981
0.005984545,3,279,0.004985571
0.004986525,3,280,0.002991915
0.005984306,3,281,0.00498724
0.004986286,3,282,0.003989458
0.004986763,3,283,0.003989458
0.004986763,3,284,0.003988981
0.005984068,3,285,0.003990173
0.006981373,3,286,0.004985332
0.005984545,3,287,0.004985571
0.004986763,3,288,0.00398922
0.004986286,3,289,0.004986286
0.004986763,3,290,0.003989697
0.004986286,3,291,0.003989935
0.005983829,3,292,0.003990889
0.006981373,3,293,0.005983114
0.004986763,3,294,0.003988743
0.005984545,3,295,0.004987478
0.00498724,3,296,0.00498724
0.00498724,3,297,0.003989935
0.004985809,3,298,0.003988266
0.004986048,3,299,0.004986048
0.005983353,3,300,0.004986048
0.004986763,3,301,0.003989458
0.004986048,3,302,0.00398922
0.004987717,3,303,0.003989697
0.005983829,3,304,0.003989458
0.005982161,3,305,0.004984856
0.005983829,3,306,0.003990173
0.004986763,3,307,0.003989458
0.005984068,3,308,0.004985809
0.004987001,3,309,0.003989935
0.004986525,3,310,0.003988981
0.005984068,3,311,0.005984068
0.005983353,3,312,0.004986286
0.005983114,3,313,0.004986048
0.005983114,3,314,0.004985571
0.006980896,3,315,0.004986048
0.006980181,3,316,0.005983353
0.005984068,3,317,0.004985809
0.004986286,3,318,0.004986286
0.004986525,3,319,0.002991438
0.005984545,3,320,0.004987001
0.004986525,3,321,0.003989458
0.005983829,3,322,0.004986525
0.005984068,3,323,0.004986763
0.005983353,3,324,0.004986048
0.004986525,3,325,0.003989697
0.005984306,3,326,0.002991915
0.006981134,3,327,0.005983591
0.005984068,3,328,0.004986763
0.004986763,3,329,0.003989458
0.006980658,3,330,0.005983353
0.005984306,3,331,0.005984306
0.005984545,3,332,0.004987478
0.005985022,3,333,0.004987717
0.004988432,3,334,0.003991127
0.005983829,3,335,0.004986048
0.006981134,3,336,0.005983591
0.005984545,3,337,0.003989458
0.005983591,3,338,0.003988028
0.005984068,3,339,0.00398922
0.005983353,3,340,0.003988266
0.004986525,3,341,0.003989697
0.006982088,3,342,0.005984306
0.005984306,3,343,0.005984306
0.006981373,3,344,0.006981373
0.006981134,3,345,0.005984068
0.006979465,3,346,0.005982637
0.005983353,3,347,0.004985809
0.005982637,3,348,0.005982637
0.006981373,3,349,0.005984306
0.006981611,3,350,0.005982637
0.006968737,3,351,0.005972147
0.006980658,3,352,0.005983114
0.004986048,3,353,0.003988743
0.005983114,3,354,0.004986286
0.005983353,3,355,0.005983353
0.006980658,3,356,0.004986525
0.006981373,3,357,0.005984545
0.005983114,3,358,0.004985571
0.006980896,3,359,0.005983829
0.008977413,3,360,0.007980585
0.006981611,3,361,0.005983829
0.006505489,3,362,0.005507946
0.006982327,3,363,0.00598526
0.009973526,3,364,0.00897646
0.008975744,3,365,0.007978678
0.007978916,3,366,0.006981611
0.005983353,3,367,0.005983353
0.00897646,3,368,0.00897646
0.008975744,3,369,0.006980896
0.007978678,3,370,0.006980658
0.005982876,3,371,0.004985094
0.009973049,3,372,0.008976698
0.007980108,3,373,0.006982803
0.007978678,3,374,0.007978678
0.009973049,3,375,0.008975744
0.009973288,3,376,0.007977962
0.009973288,3,377,0.008975983
0.009973764,3,378,0.007979155
0.009973049,3,379,0.006980896
0.009973526,3,380,0.007977962
0.009973764,3,381,0.007978916
0.009973526,3,382,0.008975744
0.009973764,3,383,0.008976698
0.009973526,3,384,0.00897646
0.008975267,3,385,0.006980419
0.008975983,3,386,0.007979155
0.007978439,3,387,0.006981134
0.008975983,3,388,0.007978916
0.007977962,3,389,0.007977962
0.006981134,3,390,0.005983829
0.007978678,3,391,0.006981611
0.007978201,3,392,0.005984068
0.009974241,3,393,0.00698185
0.007978678,3,394,0.006981134
0.006981373,3,395,0.005984068
0.006981611,3,396,0.005984306
0.007978678,3,397,0.006980896
0.007977724,3,398,0.005982399
0.006980896,3,399,0.005982876
0.006981373,3,400,0.006981373
0.006981611,3,401,0.005984783
0.007978439,3,402,0.006981134
0.007978916,3,403,0.00698185
0.005983591,3,404,0.005983591
0.006981373,3,405,0.004986048
0.006981134,3,406,0.006981134
0.008972883,3,407,0.008972883
0.00698185,3,408,0.005984306
0.008976936,3,409,0.006983042
0.010969877,3,410,0.010969877
0.010970831,3,411,0.009973288
0.010971785,3,412,0.008977652
0.006979704,3,413,0.005982399
0.007978439,3,414,0.006981134
0.008975983,3,415,0.007978916
0.007978678,3,416,0.007978678
0.008975983,3,417,0.00698185
0.008976698,3,418,0.008976698
0.008975744,3,419,0.007978439
0.009973288,3,420,0.008975983
0.009974003,3,421,0.008976221
0.009972334,3,422,0.008974791
0.008975744,3,423,0.007978439
0.007977724,3,424,0.005983353
0.006981373,3,425,0.005984783
0.010970831,3,426,0.008975744
0.009973288,3,427,0.008975983
0.008977652,3,428,0.007979631
0.009975195,3,429,0.008978128
0.009972095,3,430,0.008976221
0.015958786,3,431,0.012967587
0.010971069,3,432,0.009974241
0.012965679,3,433,0.011968613
0.012964725,3,434,0.010970116
0.008975267,3,435,0.007978439
0.008976221,3,436,0.007978439
0.00897646,3,437,0.007979631
0.009973049,3,438,0.009973049
0.009972334,3,439,0.008975506
0.009972811,3,440,0.009972811
0.009973049,3,441,0.008976221
0.008976221,3,442,0.007978678
0.009973049,3,443,0.009973049
0.007978678,3,444,0.006981373
0.009973288,3,445,0.008975983
0.008975983,3,446,0.007977724
0.010970354,3,447,0.009973288
0.00897646,3,448,0.007979155
0.012966394,3,449,0.012966394
0.00897646,3,450,0.00897646
0.007978439,3,451,0.007978439
0.007978439,3,452,0.007978439
0.007979155,3,453,0.006982088
0.007979155,3,454,0.00698185
0.008975983,3,455,0.007978439
0.008975506,3,456,0.008975506
0.007978439,3,457,0.006981134
0.007979155,3,458,0.006982088
0.007977724,3,459,0.006980658
0.010970354,3,460,0.010467529
0.007978678,3,461,0.007978678
0.009973764,3,462,0.008977413
0.007978678,3,463,0.006981611
0.007978678,3,464,0.006981373
0.007978678,3,465,0.005983114
0.007978678,3,466,0.005983591
0.008976221,3,467,0.007978678
0.007977247,3,468,0.007977247
0.007979393,3,469,0.007979393
0.008975983,3,470,0.007974863
0.008976936,3,471,0.007980347
0.008975506,3,472,0.007978201
0.007968903,3,473,0.006972075
0.008976221,3,474,0.007979393
0.008977413,3,475,0.007980585
0.008975267,3,476,0.007977962
0.008975744,3,477,0.007978439
0.008975983,3,478,0.007978916
0.009973288,3,479,0.008976221
0.009974003,3,480,0.007978678
0.008975029,3,481,0.007978201
0.008485317,3,482,0.007488489
0.009973288,3,483,0.007978678
0.009973764,3,484,0.009973764
0.010970831,3,485,0.009973288
0.010970831,3,486,0.009973526
0.009973526,3,487,0.008975983
0.008977175,3,488,0.006980658
0.010969877,3,489,0.007978439
0.009972095,3,490,0.008975029
0.015957117,3,491,0.014959574
0.012966156,3,492,0.011968851
0.008975983,3,493,0.007978916
0.007978916,3,494,0.006981611
0.008975983,3,495,0.007978678
0.008975983,3,496,0.007979155
0.008976221,3,497,0.007979393
0.010970354,3,498,0.009973288
0.010971069,3,499,0.00897646
0.008975744,3,500,0.008975744
0.009973288,3,501,0.007978916
0.010972738,3,502,0.009975433
0.011968374,3,503,0.010971308
0.011968136,3,504,0.010969877
0.010970592,3,505,0.010970592
0.010970592,3,506,0.008976221
0.009973049,3,507,0.008974552
0.009973049,3,508,0.008975983
0.010970592,3,509,0.009973526
0.008977175,3,510,0.008977175
0.008975744,3,511,0.008975744
0.008975983,3,512,0.006981134
0.009974957,3,513,0.008978128
0.009972095,3,514,0.009972095
0.008975983,3,515,0.008975983
0.009973288,3,516,0.008976221
0.009972811,3,517,0.007972479
0.010969877,3,518,0.009972095
0.009973526,3,519,0.008976936
0.008976221,3,520,0.008976221
0.008975983,3,521,0.008975983
0.008975983,3,522,0.006981373
0.008976221,3,523,0.008976221
0.009484768,3,524,0.009484768
0.008975506,3,525,0.007977247
0.011968374,3,526,0.009974003
0.010970592,3,527,0.010970592
0.007978678,3,528,0.007978678
0.008975983,3,529,0.008975983
0.008975983,3,530,0.007978678
0.008976221,3,531,0.007978916
0.008975744,3,532,0.008975744
0.009483576,3,533,0.00896287
0.009974003,3,534,0.008976221
0.012964249,3,535,0.012964249
0.009974003,3,536,0.009974003
0.010970592,3,537,0.009973764
0.013962507,3,538,0.012965202
0.010971308,3,539,0.009974241
0.010971069,3,540,0.008976221
0.009974003,3,541,0.008977175
0.010970592,3,542,0.009973049
0.010970592,3,543,0.009972572
0.011968136,3,544,0.010970592
0.014960051,3,545,0.012966156
0.014959574,3,546,0.012963772
0.014960289,3,547,0.013962984
0.013962746,3,548,0.012965202
0.014960289,3,549,0.013962746
0.013962746,3,550,0.011967659
0.013962269,3,551,0.012964725
0.013962269,3,552,0.012964964
0.010970831,3,553,0.009974241
0.011967897,3,554,0.009973049
0.010970592,3,555,0.009973288
0.012481451,3,556,0.010971069
0.010971069,3,557,0.009973764
0.012964487,3,558,0.010970592
0.0109725,3,559,0.009975195
0.011967659,3,560,0.010970116
0.013963223,3,561,0.012966156
0.011967421,3,562,0.009974003
0.013961554,3,563,0.012964725
0.010970116,3,564,0.009973049
0.011966705,3,565,0.008974314
0.011968851,3,566,0.010972261
0.010970831,3,567,0.008977413
0.010971308,3,568,0.009973764
0.01196909,3,569,0.0109725
0.014960766,3,570,0.013963699
0.009973288,3,571,0.008976221
0.010971069,3,572,0.010971069
0.009973049,3,573,0.008975267
0.010970831,3,574,0.009973764
0.009973526,3,575,0.008976698
0.010970592,3,576,0.009973764
0.011967182,3,577,0.010969877
0.011968613,3,578,0.009974957
0.010970354,3,579,0.009973764
0.009973526,3,580,0.008974791
0.009973288,3,581,0.008976221
0.009972811,3,582,0.008975267
0.009975195,3,583,0.00897789
0.010970592,3,584,0.009973764
0.010970831,3,585,0.010970831
0.010971069,3,586,0.009974003
0.011968136,3,587,0.010971308
0.015956163,3,588,0.014958858
0.011968136,3,589,0.010971069
0.013963699,3,590,0.010971546
0.011968136,3,591,0.010971308
0.012965202,3,592,0.011967659
0.011967421,3,593,0.010970592
0.012965202,3,594,0.011967659
0.010970831,3,595,0.009972572
0.011969328,3,596,0.011969328
0.010970831,3,597,0.008975506
0.010970354,3,598,0.009973288
0.010970592,3,599,0.010970592
0.010970354,3,600,0.009973288
0.010970831,3,601,0.009973288
0.012960911,3,602,0.011963367
0.013962507,3,603,0.013962507
0.009973288,3,604,0.008974552
0.010970116,3,605,0.008974552
0.009973288,3,606,0.008975506
0.010970592,3,607,0.009973764
0.010970116,3,608,0.009971857
0.01196599,3,609,0.01096797
0.014960527,3,610,0.013962746
0.013961792,3,611,0.012964487
0.015958071,3,612,0.014961481
0.012965679,3,613,0.011968851
0.011967897,3,614,0.010970592
0.012964487,3,615,0.011967182
0.012965918,3,616,0.011968136
0.010970592,3,617,0.009971619
0.010969877,3,618,0.010969877
0.013962984,3,619,0.012965679
0.009973288,3,620,0.008976221
0.01396203,3,621,0.01396203
0.013962984,3,622,0.012966156
0.010972023,3,623,0.00897789
0.010970592,3,624,0.009973288
0.013962984,3,625,0.012965918
0.010970592,3,626,0.010970592
0.011967897,3,627,0.010971069
0.012964964,3,628,0.011966705
0.012966156,3,629,0.011969328
0.013964415,3,630,0.012966156
0.012964725,3,631,0.011967182
0.012964487,3,632,0.011967182
0.014959335,3,633,0.014959335
0.016955137,3,634,0.015957832
0.015957594,3,635,0.014960289
0.016954422,3,636,0.015956163
0.015957117,3,637,0.014960051
0.015957117,3,638,0.014959812
0.01695466,3,639,0.014960289
0.015956879,3,640,0.014959335
0.016954422,3,641,0.015957117
0.015956879,3,642,0.014959097
0.015957832,3,643,0.014960766
0.012965679,3,644,0.011968613
0.011967659,3,645,0.010969877
0.013962507,3,646,0.012965202
0.012965679,3,647,0.011967897
0.012965918,3,648,0.011967659
0.013963223,3,649,0.012965679
0.01695466,3,650,0.015957355
0.015957594,3,651,0.014960527
0.014958858,3,652,0.013961077
0.012964487,3,653,0.012964487
0.012964964,3,654,0.011967659
0.011484146,3,655,0.010487556
0.012964487,3,656,0.011967421
0.013962746,3,657,0.012965679
0.015957117,3,658,0.013962984
0.012965918,3,659,0.011968374
0.015957117,3,660,0.013962507
0.0144732,3,661,0.012479067
0.014960289,3,662,0.011968136
0.01296711,3,663,0.010972261
0.01396203,3,664,0.012963772
0.012964964,3,665,0.011967421
0.012964964,3,666,0.011968851
0.012965918,3,667,0.011967421
0.012965202,3,668,0.011967421
0.012965202,3,669,0.011967659
0.01396203,3,670,0.012964725
0.013962746,3,671,0.012965441
0.011968374,3,672,0.010970831
0.011968374,3,673,0.010971069
0.013962269,3,674,0.013962269
0.012965918,3,675,0.012965918
0.012965679,3,676,0.011968136
0.01595664,3,677,0.014959574
0.012963295,3,678,0.01196599
0.015957355,3,679,0.015957355
0.015958786,3,680,0.014961243
0.013961554,3,681,0.01296401
0.011966467,3,682,0.0109694
0.013962984,3,683,0.01196909
0.015957832,3,684,0.014960051
0.01695466,3,685,0.014960051
0.013962507,3,686,0.012965679
0.015955925,3,687,0.014958382
0.014959812,3,688,0.013962507
0.014959097,3,689,0.01396203
0.014960766,3,690,0.013963699
0.014959812,3,691,0.012965679
0.013963223,3,692,0.011969328
0.011967659,3,693,0.010970592
0.012965918,3,694,0.010970116
0.012965202,3,695,0.011968374
0.011967897,3,696,0.010970592
0.014959335,3,697,0.01396203
0.013962984,3,698,0.013962984
0.012965679,3,699,0.012965679
0.012965202,3,700,0.011967421
0.012965679,3,701,0.011968136
0.012964964,3,702,0.011967421
0.013963223,3,703,0.013963223
0.014960051,3,704,0.013963223
0.014960289,3,705,0.011968613
0.011967897,3,706,0.009974003
0.011968136,3,707,0.010970592
0.011967659,3,708,0.010970354
0.012965202,3,709,0.012965202
0.01296711,3,710,0.01296711
0.015957594,3,711,0.014960766
0.017464638,3,712,0.016468287
0.015957832,3,713,0.014961004
0.013962746,3,714,0.011967897
0.015957594,3,715,0.014960051
0.015957117,3,716,0.014959812
0.015957117,3,717,0.014960051
0.014960051,3,718,0.013962746
0.017952681,3,719,0.014960051
0.017951965,3,720,0.01695466
0.01894927,3,721,0.01695466
0.018949032,3,722,0.017951727
0.018949509,3,723,0.017952442
0.019946575,3,724,0.017952204
0.015956879,3,725,0.014959812
0.013962984,3,726,0.013962984
0.012965441,3,727,0.011968374
0.013963223,3,728,0.012965202
0.012964487,3,729,0.010969877
0.014959335,3,730,0.013961315
0.013962507,3,731,0.012965202
0.014959812,3,732,0.013962507
0.018949032,3,733,0.018949032
0.01894927,3,734,0.017951727
0.019946814,3,735,0.018949747
0.01894927,3,736,0.01695466
0.019946814,3,737,0.017952204
0.015957355,3,738,0.014960766
0.019461155,3,739,0.017466784
0.01894927,3,740,0.017951965
0.018949032,3,741,0.017951965
0.019946337,3,742,0.017951727
0.018949747,3,743,0.017952442
0.013473511,3,744,0.013473511
0.014959097,3,745,0.013962269
0.014960051,3,746,0.014960051
0.015957117,3,747,0.013962507
0.013962746,3,748,0.012965441
0.013962746,3,749,0.011967659
0.015468836,3,750,0.014471531
0.015957594,3,751,0.014960289
0.016954899,3,752,0.014960051
0.014959335,3,753,0.0139575
0.013962746,3,754,0.012965441
0.012966394,3,755,0.011968613
0.014476061,3,756,0.013478994
0.014960766,3,757,0.013962746
0.014960289,3,758,0.013962269
0.016954184,3,759,0.015956879
0.01795125,3,760,0.015957117
0.015957355,3,761,0.015957355
0.016954422,3,762,0.015956879
0.017951965,3,763,0.015958071
0.01994729,3,764,0.017952919
0.019946575,3,765,0.018949032
0.019946098,3,766,0.01795125
0.020944595,3,767,0.019947529
0.019946575,3,768,0.017951727
0.014958858,3,769,0.013961792
0.014959097,3,770,0.013961554
0.014959574,3,771,0.013962269
0.013961077,3,772,0.012964487
0.013962507,3,773,0.012965202
0.014960051,3,774,0.013963223
0.014960766,3,775,0.013963699
0.015957117,3,776,0.014959335
0.015957594,3,777,0.014960051
0.013962984,3,778,0.012965202
0.014960527,3,779,0.013963461
0.013963461,3,780,0.01296711
0.015957117,3,781,0.015957117
0.014962435,3,782,0.013964415
0.019946337,3,783,0.018949986
0.020943403,3,784,0.019946098
0.01396203,3,785,0.012964725
0.016954422,3,786,0.014959335
0.016954422,3,787,0.016954422
0.015956163,3,788,0.013961077
0.01795125,3,789,0.016953945
0.015957355,3,790,0.014960527
0.01595664,3,791,0.013961792
0.01495862,3,792,0.013961315
0.014959574,3,793,0.013962507
0.013962746,3,794,0.012964964
0.014959812,3,795,0.013962746
0.014960289,3,796,0.013962746
0.014960051,3,797,0.013962507
0.015956879,3,798,0.014959097
0.014959812,3,799,0.013962269
0.014959812,3,800,0.013962507
0.016954422,3,801,0.016954422
0.021942139,3,802,0.019948006
0.02094388,3,803,0.01894927
0.02094388,3,804,0.01894927
0.02045536,3,805,0.019457817
0.021941662,3,806,0.019946814
0.020943642,3,807,0.018949032
0.015957355,3,808,0.014959097
0.015957594,3,809,0.014960527
0.014960051,3,810,0.014960051
0.013962984,3,811,0.012965202
0.015957117,3,812,0.014959574
0.01697731,3,813,0.015980244
0.016954422,3,814,0.015956879
0.014960766,3,815,0.012965918
0.014960051,3,816,0.013961792
0.015956879,3,817,0.014959812
0.015957355,3,818,0.013962746
0.016954184,3,819,0.015955448
0.01695466,3,820,0.01695466
0.027926683,3,821,0.025932074
0.024934053,3,822,0.02393651
0.015957117,3,823,0.013962984
0.016954422,3,824,0.015957117
0.016954184,3,825,0.015956879
0.017952204,3,826,0.01695466
0.029920816,3,827,0.028923273
0.01595664,3,828,0.014960051
0.015957117,3,829,0.014962435
0.015957832,3,830,0.015957832
0.017464876,3,831,0.01646781
0.016954422,3,832,0.01495862
0.016954899,3,833,0.015957594
0.020943165,3,834,0.018948317
0.015957355,3,835,0.01496315
0.018461466,3,836,0.017463684
0.018948793,3,837,0.017951965
0.019946575,3,838,0.019946575
0.022938013,3,839,0.021939278
0.019469738,3,840,0.018472672
0.024932861,3,841,0.023935556
0.018949032,3,842,0.01795125
0.01695466,3,843,0.01695466
0.020944357,3,844,0.018949747
0.018463612,3,845,0.017466545
0.020943642,3,846,0.019946098
0.019600868,3,847,0.018603325
0.016955614,3,848,0.015957594
0.020943165,3,849,0.018948793
0.020941019,3,850,0.019943237
0.01994729,3,851,0.018949986
0.017951727,3,852,0.016954899
0.016954422,3,853,0.014960051
0.019945621,3,854,0.017059803
0.016954899,3,855,0.016954899
0.016954899,3,856,0.015956879
0.016954899,3,857,0.015956879
0.014959574,3,858,0.013963223
0.015957355,3,859,0.014960766
0.018949032,3,860,0.01695466
0.015957355,3,861,0.014959335
0.017951012,3,862,0.016952991
0.017951965,3,863,0.016954899
0.019946575,3,864,0.018949509
0.02094388,3,865,0.019945621
0.016955137,3,866,0.015958071
0.017952204,3,867,0.01695466
0.017953634,3,868,0.016956091
0.014959335,3,869,0.013961792
0.016955614,3,870,0.016955614
0.017951488,3,871,0.015956879
0.021941185,3,872,0.019946814
0.015957117,3,873,0.014959812
0.014960051,3,874,0.01396203
0.016954899,3,875,0.014960289
0.015957355,3,876,0.014960289
0.01496172,3,877,0.013964653
0.020943165,3,878,0.019945621
0.01795125,3,879,0.01795125
0.020943642,3,880,0.019946098
0.022938251,3,881,0.02194047
0.02293849,3,882,0.02094388
0.023936033,3,883,0.02293849
0.015956163,3,884,0.014958858
0.016954899,3,885,0.015957117
0.016954899,3,886,0.015957355
0.016954899,3,887,0.016954899
0.018949509,3,888,0.016952753
0.016954899,3,889,0.015957832
0.01845932,3,890,0.017462254
0.015958071,3,891,0.014961004
0.022939205,3,892,0.020944595
0.01795125,3,893,0.016953468
0.016954422,3,894,0.015956879
0.015957594,3,895,0.014960289
0.016954422,3,896,0.01595664
0.01795125,3,897,0.016953707
0.016954184,3,898,0.016954184
0.016970158,3,899,0.015972614
0.017007351,3,900,0.016010046
0.017999887,3,901,0.017003059
0.01845932,3,902,0.017462015
0.017950535,3,903,0.016952753
0.017951965,3,904,0.016954184
0.015957117,3,905,0.014959812
0.016954422,3,906,0.015959501
0.017952442,3,907,0.016955137
0.019946575,3,908,0.019946575
0.017952442,3,909,0.017952442
0.01695466,3,910,0.015958071
0.016979456,3,911,0.014984131
0.01802063,3,912,0.0175035
0.018004894,3,913,0.015492439
0.019456625,3,914,0.017941475
0.017951965,3,915,0.016954899
0.016955137,3,916,0.015957832
0.016955137,3,917,0.016955137
0.017951727,3,918,0.016954899
0.016954184,3,919,0.014959812
0.020944118,3,920,0.019947052
0.018948555,3,921,0.018948555
0.020943403,3,922,0.01994586
0.020974874,3,923,0.01945591
0.019977093,3,924,0.017984152
0.016011238,3,925,0.014497042
0.023445129,3,926,0.022446156
0.023936272,3,927,0.020944357
0.022938728,3,928,0.020944595
0.023936033,3,929,0.021941662
0.022938728,3,930,0.021941423
0.018950224,3,931,0.017953157
0.020942688,3,932,0.019944668
0.015957594,3,933,0.015957594
0.01695466,3,934,0.015957594
0.020943642,3,935,0.019946814
0.017951488,3,936,0.017951488
0.01994729,3,937,0.018949986
0.016954899,3,938,0.015957355
0.01894927,3,939,0.01894927
0.018949032,3,940,0.016953707
0.017952442,3,941,0.016955376
0.018948555,3,942,0.016954184
0.018948793,3,943,0.017951012
0.01894927,3,944,0.016955376
0.018948793,3,945,0.016953707
0.01994586,3,946,0.018949032
0.017951965,3,947,0.016954184
0.016954899,3,948,0.016954899
0.017951965,3,949,0.01695466
0.017952442,3,950,0.017952442
0.017951965,3,951,0.017951965
0.019996881,3,952,0.018003225
0.019456863,3,953,0.018470049
0.018950224,3,954,0.017952442
0.022939444,3,955,0.021941185
0.026927948,3,956,0.025930643
0.025930405,3,957,0.022938251
0.018949509,3,958,0.018949509
0.01795125,3,959,0.016953707
0.018949509,3,960,0.017952442
0.018949032,3,961,0.016954184
0.017951965,3,962,0.016954422
0.021940708,3,963,0.01994586
0.01994729,3,964,0.018949747
0.017951488,3,965,0.016953707
0.017952204,3,966,0.016955137
0.016955376,3,967,0.014961481
0.01994586,3,968,0.018948317
0.020944118,3,969,0.019947052
0.018949509,3,970,0.017952681
0.018949747,3,971,0.017952204
0.01945734,3,972,0.017463446
0.018950939,3,973,0.017953634
0.01994729,3,974,0.018950224
0.021940231,3,975,0.020942926
0.019946575,3,976,0.018949032
0.021930695,3,977,0.02093339
0.020943403,3,978,0.019946337
0.021941662,3,979,0.020944595
0.020944834,3,980,0.01894927
0.017464638,3,981,0.015470266
0.018948793,3,982,0.017951488
0.02593255,3,983,0.024935246
0.023934364,3,984,0.021939039
0.02293849,3,985,0.0219419
0.02293849,3,986,0.020942926
0.02094388,3,987,0.019947052
0.02393651,3,988,0.022939205
0.024933577,3,989,0.022938967
0.019948721,3,990,0.019948721
0.020943642,3,991,0.019946337
0.021940947,3,992,0.02094388
0.028922796,3,993,0.027925253
0.036901712,4,994,0.032911777
0.024933338,3,995,0.023935556
0.020943165,3,996,0.01994586
0.022938251,3,997,0.020943403
0.023936033,3,998,0.022938967
0.022938251,3,999,0.021941185
0.02293849,3,1000,0.021941185
0.021941423,3,1001,0.020944118
0.021941423,3,1002,0.019946575
0.02094388,3,1003,0.018949509
0.019946814,3,1004,0.018949509
0.023934841,3,1005,0.022937059
0.024933338,3,1006,0.022938251
0.019947529,3,1007,0.018950462
0.034906149,3,1008,0.032910585
0.024932861,3,1009,0.022937775
0.026925325,3,1010,0.025927782
0.018948555,3,1011,0.017951488
0.019944906,3,1012,0.01894784
0.023935556,3,1013,0.021941185
0.023447752,3,1014,0.022450209
0.023936272,3,1015,0.022938967
0.027924538,3,1016,0.024931669
0.022460938,3,1017,0.021463633
0.019946814,3,1018,0.017951965
0.018950462,3,1019,0.018950462
0.021939516,3,1020,0.019945621
0.024933577,3,1021,0.02293849
0.018949509,3,1022,0.018949509
0.019946337,3,1023,0.019946337
0.01894927,3,1024,0.017951727
0.018948793,3,1025,0.017951488
0.021941423,3,1026,0.019947529
0.018948555,3,1027,0.017951727
0.019946575,3,1028,0.019946575
0.018949509,3,1029,0.017951727
0.018948078,3,1030,0.016953707
0.02094388,3,1031,0.018949747
0.020943403,3,1032,0.01895237
0.019947529,3,1033,0.018950224
0.020943403,3,1034,0.020943403
0.019946575,3,1035,0.01894927
0.01994729,3,1036,0.016954422
0.01994586,3,1037,0.018948317
0.01894927,3,1038,0.017951727
0.019946337,3,1039,0.018948793
0.01994729,3,1040,0.018950224
0.020943403,3,1041,0.018948793
0.026927948,3,1042,0.025930405
0.026928186,3,1043,0.025930882
0.026927471,3,1044,0.025930405
0.026927948,3,1045,0.0249331
0.021940947,3,1046,0.01994276
0.022938728,3,1047,0.021941423
0.020945072,3,1048,0.019947767
0.024932384,3,1049,0.023934603
0.022938728,3,1050,0.020944595
0.026927948,3,1051,0.0249331
0.027925014,3,1052,0.025929689
0.027925968,3,1053,0.025931597
0.027925253,3,1054,0.026927948
0.025930643,3,1055,0.023936033
0.02393651,3,1056,0.021941662
0.020943165,3,1057,0.020943165
0.020942926,3,1058,0.019945383
0.018950939,3,1059,0.016956568
0.019946814,3,1060,0.018949032
0.021940947,3,1061,0.020943403
0.029919147,4,1062,0.025928974
0.027926445,4,1063,0.02493453
0.019946814,3,1064,0.019946814
0.020943642,3,1065,0.019946098
0.022938251,3,1066,0.021941185
0.01945591,3,1067,0.018458605
0.024932861,3,1068,0.023935795
0.024933577,3,1069,0.023936272
0.021941185,3,1070,0.019947052
0.020943642,3,1071,0.019945383
0.02094388,3,1072,0.01994729
0.019946098,3,1073,0.01894927
0.022939205,3,1074,0.021941662
0.020943403,3,1075,0.018949032
0.022939205,3,1076,0.021941662
0.02094388,3,1077,0.019946098
0.027925014,4,1078,0.025930643
0.019947052,3,1079,0.017952442
0.019946337,3,1080,0.018949032
0.035903931,4,1081,0.031915665
0.021942139,3,1082,0.01994729
0.027925491,4,1083,0.024932384
0.019946098,3,1084,0.019946098
0.021941185,3,1085,0.02094388
0.0219419,3,1086,0.020944834
0.020944595,3,1087,0.019947529
0.028922319,4,1088,0.025930166
0.020944834,3,1089,0.020944834
0.029920578,4,1090,0.026928186
0.020945072,3,1091,0.018950939
0.028922081,3,1092,0.027924776
0.027925014,3,1093,0.025930643
0.028923035,3,1094,0.027925491
0.021941662,3,1095,0.020944834
0.020943403,3,1096,0.019946575
0.022938251,3,1097,0.021940708
0.020943642,3,1098,0.019946337
0.021942139,3,1099,0.020944595
0.034906626,4,1100,0.030917406
0.029919863,3,1101,0.027925253
0.026927948,3,1102,0.025930643
0.027436495,3,1103,0.025441647
0.025930643,3,1104,0.024933338
0.041888475,4,1105,0.036901951
0.041399717,4,1106,0.037410736
0.028921366,3,1107,0.027924061
0.022938013,3,1108,0.02194047
0.025441408,3,1109,0.024444103
0.021941185,3,1110,0.02094388
0.02094388,3,1111,0.019946814
0.022939205,3,1112,0.0219419
0.021942854,3,1113,0.021942854
0.025930882,3,1114,0.024934053
0.025930405,3,1115,0.024933338
0.021941662,3,1116,0.020945072
0.033909798,4,1117,0.030918121
0.024932623,3,1118,0.024932623
0.025930643,3,1119,0.0249331
0.024933338,3,1120,0.023935556
0.040890932,4,1121,0.036902189
0.040897369,4,1122,0.034906387
0.041887999,4,1123,0.037899017
0.028922558,3,1124,0.026927948
0.032911301,4,1125,0.030916691
0.02194047,3,1126,0.02194047
0.02094388,3,1127,0.02094388
0.020944118,3,1128,0.01894927
0.033908367,4,1129,0.02892375
0.024932861,3,1130,0.023935556
0.024933338,3,1131,0.023935795
0.032911777,4,1132,0.029919147
0.024933577,3,1133,0.021941662
0.022939682,3,1134,0.020946026
0.020943642,3,1135,0.020943642
0.02194047,3,1136,0.02094245
0.030916929,4,1137,0.027924299
0.030917883,4,1138,0.027926445
0.02293849,3,1139,0.020943165
0.031914473,4,1140,0.028923512
0.036900997,4,1141,0.032912254
0.025931597,3,1142,0.025931597
0.036901951,4,1143,0.031914949
0.024933338,3,1144,0.02293849
0.024933338,3,1145,0.022938967
0.031914711,4,1146,0.028922558
0.022938967,3,1147,0.022938967
0.030916929,4,1148,0.02792573
0.021941185,3,1149,0.02094388
0.026927471,3,1150,0.025930166
0.024933815,3,1151,0.02393651
0.032912016,4,1152,0.029919624
0.02393651,3,1153,0.022939205
0.031914711,4,1154,0.02792573
0.020944595,3,1155,0.019947052
0.021941423,3,1156,0.020944118
0.031914234,4,1157,0.028923035
0.02992034,3,1158,0.028923035
0.029920578,3,1159,0.028923035
0.03690052,4,1160,0.03490591
0.02293849,3,1161,0.02293849
0.031915188,4,1162,0.028923035
0.030917645,4,1163,0.028923035
0.030916452,4,1164,0.028922081
0.030917645,4,1165,0.02892375
0.023936033,3,1166,0.02293849
0.030918121,4,1167,0.027926207
0.021941423,3,1168,0.020944834
0.021941662,3,1169,0.021941662
0.02393651,3,1170,0.022939444
0.030916691,4,1171,0.027923822
0.022939205,3,1172,0.0219419
0.03142643,4,1173,0.027435541
0.022938013,3,1174,0.021941185
0.02293849,3,1175,0.0219419
0.031914949,4,1176,0.02692771
0.032422543,4,1177,0.029430628
0.034907579,4,1178,0.030918121
0.021941185,3,1179,0.02094388
0.030917645,4,1180,0.02792573
0.023935556,3,1181,0.022938251
0.024932861,3,1182,0.022938013
0.0249331,3,1183,0.0249331
0.03789854,4,1184,0.033908844
0.021940947,3,1185,0.02094388
0.022937775,3,1186,0.021940708
0.02792573,3,1187,0.025931358
0.026927233,3,1188,0.025929689
0.037899733,4,1189,0.033910036
0.026927233,3,1190,0.025930166
0.029920101,3,1191,0.02792263
0.035903692,4,1192,0.033909082
0.02593112,3,1193,0.024933815
0.023936987,3,1194,0.022939682
0.021942139,3,1195,0.020944357
0.032912254,4,1196,0.028923512
0.033938169,4,1197,0.030946255
0.036900282,4,1198,0.031914711
0.023935318,3,1199,0.021941185
0.039893627,4,1200,0.033909082
0.036901474,4,1201,0.034907103
0.0249331,3,1202,0.023935556
0.026928186,3,1203,0.025930882
0.034907818,4,1204,0.02992177
0.024934053,3,1205,0.023936987
0.040403843,4,1206,0.035416842
0.023936033,3,1207,0.022938251
0.035904884,4,1208,0.032911301
0.024933338,3,1209,0.022938728
0.034908056,4,1210,0.030918598
0.032911301,4,1211,0.027925014
0.032912254,4,1212,0.031914949
0.031914234,4,1213,0.028922081
0.029918671,3,1214,0.027926445
0.0249331,3,1215,0.0249331
0.036901474,4,1216,0.032911301
0.037898779,4,1217,0.033909559
0.038895845,4,1218,0.034906149
0.038896084,4,1219,0.035904169
0.025930882,3,1220,0.025930882
0.034908295,4,1221,0.031917095
0.045389652,4,1222,0.041400909
0.030917406,3,1223,0.029920101
0.03789854,4,1224,0.033910275
0.036417246,4,1225,0.033425808
0.037899971,4,1226,0.034907579
0.033910036,4,1227,0.030918121
0.032912016,4,1228,0.029919863
0.031914949,4,1229,0.028923273
0.032908201,4,1230,0.029916286
0.033910513,4,1231,0.02992034
0.033949852,4,1232,0.030958176
0.034415245,4,1233,0.031422853
0.0249331,3,1234,0.023935795
0.022938728,3,1235,0.020944595
0.037896633,4,1236,0.033905983
0.041887999,4,1237,0.040890694
0.032912016,4,1238,0.029919147
0.034906387,4,1239,0.031914473
0.035904169,4,1240,0.032912493
0.024931908,3,1241,0.023934603
0.040890455,4,1242,0.036901951
0.035904646,4,1243,0.032910824
0.023936033,3,1244,0.023936033
0.038896084,4,1245,0.033909559
0.027925253,3,1246,0.027925253
0.035903931,4,1247,0.031916618
0.023447514,3,1248,0.02244997
0.034907103,4,1249,0.031913757
0.033909082,4,1250,0.030917168
0.02393651,3,1251,0.022939205
0.024933577,3,1252,0.022939444
0.033909559,4,1253,0.030918837
0.03841424,4,1254,0.034424782
0.047871828,4,1255,0.04288888
0.046387672,4,1256,0.041401386
0.0249331,3,1257,0.023934603
0.023936033,3,1258,0.021943092
0.02293849,3,1259,0.021942377
0.033910275,4,1260,0.03091836
0.036902666,4,1261,0.033910036
0.032911539,4,1262,0.030916691
0.032911539,4,1263,0.028922796
0.025929928,3,1264,0.0249331
0.033909321,4,1265,0.031916142
0.041887999,4,1266,0.035901785
0.036901474,4,1267,0.033909798
0.022938728,3,1268,0.022938728
0.023936272,3,1269,0.023936272
0.031914473,4,1270,0.028922558
0.024933577,3,1271,0.022938728
0.030916691,3,1272,0.027924061
0.038897276,4,1273,0.036903381
0.026927948,3,1274,0.025930405
0.038895845,4,1275,0.034906626
0.041888237,4,1276,0.037899256
0.036901712,4,1277,0.032912254
0.025930882,3,1278,0.0249331
0.024933338,3,1279,0.02393651
0.034907103,4,1280,0.030918121
0.047384024,4,1281,0.041399479
0.047872066,4,1282,0.042885542
0.047872066,4,1283,0.043882847
0.03889513,4,1284,0.033909082
0.035419703,4,1285,0.033440113
0.036901951,4,1286,0.033910513
0.03789854,4,1287,0.034906626
0.037898779,4,1288,0.034906864
0.035904169,4,1289,0.031915426
0.040891171,4,1290,0.037895679
0.029919386,3,1291,0.029919386
0.04139924,4,1292,0.037420511
0.043882608,4,1293,0.038896561
0.026927948,3,1294,0.025930882
0.026926994,3,1295,0.026926994
0.027925968,3,1296,0.02692914
0.046875238,4,1297,0.041888952
0.047871351,4,1298,0.042885065
0.046874762,4,1299,0.04288578
0.047872066,4,1300,0.043883085
0.047871828,4,1301,0.043882132
0.026927233,3,1302,0.026927233
0.035903931,4,1303,0.032910585
0.034906149,4,1304,0.031915426
0.036896706,4,1305,0.032908916
0.02393651,3,1306,0.022938728
0.036901236,4,1307,0.032913208
0.040400982,4,1308,0.037409306
0.04188776,4,1309,0.037898302
0.037409782,4,1310,0.03241992
0.040890455,4,1311,0.037898302
0.038895845,4,1312,0.035903454
0.040890217,4,1313,0.037898302
0.038895607,4,1314,0.035903215
0.039893627,4,1315,0.035905361
0.03789854,4,1316,0.033908606
0.04188776,4,1317,0.03789711
0.032912254,4,1318,0.028922796
0.038896322,4,1319,0.034907103
0.039893627,4,1320,0.036901712
0.02992034,3,1321,0.028922081
0.049866915,4,1322,0.044881582
0.034906387,3,1323,0.033909559
0.048868895,4,1324,0.044879675
0.048869133,4,1325,0.044879913
0.044879913,4,1326,0.041888952
0.034907103,4,1327,0.031915188
0.034906864,4,1328,0.032912493
0.03989315,4,1329,0.036900997
0.03789711,4,1330,0.034909248
0.026955843,3,1331,0.025957346
0.04738307,4,1332,0.042395592
0.048869133,4,1333,0.043882847
0.046874046,4,1334,0.04388237
0.04587698,4,1335,0.039892673
0.03490591,4,1336,0.031915188
0.035903931,4,1337,0.033909321
0.042885303,4,1338,0.038896799
0.026927948,3,1339,0.025931835
0.04288578,4,1340,0.038894653
0.03989315,4,1341,0.036900043
0.025441885,3,1342,0.024445057
0.02792573,3,1343,0.026928186
0.037896872,4,1344,0.034905195
0.036413908,4,1345,0.034906626
0.035903692,4,1346,0.032911301
0.036901236,4,1347,0.032912254
0.02743721,3,1348,0.026440382
0.024933338,3,1349,0.023935556
0.024933577,3,1350,0.024933577
0.036412716,4,1351,0.033896923
0.030917168,3,1352,0.030917168
0.046873093,4,1353,0.04288435
0.051862478,4,1354,0.045878649
0.048862457,4,1355,0.046871424
0.049864769,4,1356,0.046873808
0.048869133,4,1357,0.043883562
0.041887999,4,1358,0.038895369
0.02992034,3,1359,0.02992034
0.040891171,4,1360,0.037899494
0.028923273,3,1361,0.02792573
0.027925491,3,1362,0.026928186
0.037898779,4,1363,0.033909559
0.045877695,4,1364,0.041888714
0.049866676,4,1365,0.046873808
0.048869133,4,1366,0.042885065
0.036901236,4,1367,0.032912016
0.035904169,4,1368,0.032912493
0.0249331,3,1369,0.0249331
0.042883873,4,1370,0.03789711
0.04288578,4,1371,0.038896561
0.041970968,4,1372,0.037981033
0.047384501,4,1373,0.043395758
0.03789854,4,1374,0.035903454
0.036901951,4,1375,0.034908772
0.040890694,4,1376,0.036901712
0.029980421,3,1377,0.027985811
0.043396473,4,1378,0.04040432
0.031914711,3,1379,0.031914711
0.036901236,4,1380,0.034906626
0.042885542,4,1381,0.039893866
0.045877457,4,1382,0.041887045
0.050863504,4,1383,0.046874523
0.050863981,4,1384,0.045878887
0.045876265,4,1385,0.040889025
0.044884443,4,1386,0.03989768
0.042396784,4,1387,0.037410259
0.054852486,4,1388,0.05186224
0.048868895,4,1389,0.04388237
0.046875,4,1390,0.04288578
0.041906595,4,1391,0.038392067
0.03042841,3,1392,0.029430866
0.02892375,3,1393,0.027926207
0.036901474,4,1394,0.034906387
0.037411451,4,1395,0.034420967
0.046874762,4,1396,0.04288578
0.036413193,3,1397,0.035416126
0.050863981,4,1398,0.046874762
0.0394032,4,1399,0.035413265
0.041887283,4,1400,0.037899256
0.031915426,3,1401,0.029920578
0.039894819,4,1402,0.036902666
0.030917406,3,1403,0.029919624
0.040890694,4,1404,0.039893627
0.028922558,3,1405,0.026928425
0.041887283,4,1406,0.037898064
0.029919147,3,1407,0.028922319
0.042884111,4,1408,0.03889513
0.044880152,4,1409,0.040892124
0.030917645,3,1410,0.028923512
0.028922319,3,1411,0.027924538
0.031913757,3,1412,0.030916452
0.039892435,4,1413,0.037897825
0.027924776,3,1414,0.026927471
0.039893627,4,1415,0.036902666
0.026928425,3,1416,0.025931358
0.040890217,4,1417,0.03690052
0.038896322,4,1418,0.035900831
0.038896084,4,1419,0.035903931
0.040890217,4,1420,0.037895918
0.037897825,4,1421,0.035903454
0.039954185,4,1422,0.035964727
0.028467655,3,1423,0.026950836
0.039893627,4,1424,0.036901712
0.038894892,4,1425,0.035904169
0.043882608,4,1426,0.040889025
0.026951551,3,1427,0.025438547
0.026974201,3,1428,0.025977373
0.031411886,3,1429,0.030893564
0.051861286,4,1430,0.047872066
0.043881893,4,1431,0.039892912
0.02992034,3,1432,0.028923273
0.037926435,3,1433,0.036929369
0.051534891,4,1434,0.046545982
0.028459072,3,1435,0.027461767
0.037899256,4,1436,0.034907341
0.037898779,4,1437,0.034907103
0.052858829,4,1438,0.04886961
0.05389142,4,1439,0.048905134
0.049978733,4,1440,0.045989037
0.036410093,3,1441,0.035412788
0.042885542,4,1442,0.039892673
0.04388237,4,1443,0.040890217
0.049866676,4,1444,0.045877695
0.040890694,4,1445,0.038896561
0.028918266,3,1446,0.027923822
0.040890217,4,1447,0.036900997
0.038894892,4,1448,0.035903692
0.027925253,3,1449,0.025931597
0.046388149,4,1450,0.04341054
0.045877218,4,1451,0.041890383
0.040404081,4,1452,0.03840971
0.051861048,4,1453,0.046874523
0.037423611,3,1454,0.036426544
0.053856134,4,1455,0.04886961
0.027924061,3,1456,0.026926994
0.027925491,3,1457,0.026925802
0.037898064,4,1458,0.034906149
0.050864458,4,1459,0.045877695
0.036900759,3,1460,0.035903692
0.037898302,3,1461,0.036900759
0.04188776,4,1462,0.038896561
0.039892673,4,1463,0.036900997
0.027924299,3,1464,0.026926994
0.043881893,4,1465,0.039891481
0.040890455,4,1466,0.038896084
0.027925968,3,1467,0.025930882
0.042885542,4,1468,0.038896084
0.046874046,4,1469,0.04288435
0.045877218,4,1470,0.041887283
0.040891886,4,1471,0.037901163
0.038896084,4,1472,0.033909798
0.037899256,4,1473,0.034907341
0.047871113,4,1474,0.04487896
0.042886496,4,1475,0.039896965
0.032421827,3,1476,0.032421827
0.040890932,4,1477,0.037899017
0.043884039,4,1478,0.039894342
0.031914234,3,1479,0.030917406
0.043882132,4,1480,0.041888237
0.037898302,4,1481,0.034906149
0.038895845,4,1482,0.036902666
0.041887999,4,1483,0.038896322
0.028924465,3,1484,0.028924465
0.037896633,4,1485,0.035902262
0.046874523,4,1486,0.044879913
0.043882608,4,1487,0.038895607
0.032424212,3,1488,0.031426668
0.039892197,4,1489,0.037896395
0.029920101,3,1490,0.028922558
0.048869133,4,1491,0.044880867
0.042884588,4,1492,0.038895607
0.043881416,4,1493,0.040890694
0.03889513,4,1494,0.037897587
0.047872066,4,1495,0.043882847
0.054365873,4,1496,0.049379587
0.053856134,4,1497,0.049866676
0.045387506,4,1498,0.042407513
0.04188776,4,1499,0.038894653
0.039893389,4,1500,0.037900448
0.039893627,4,1501,0.037899494
0.040890455,4,1502,0.037899256
0.041888714,4,1503,0.038897753
0.029919624,3,1504,0.029919624
0.041888714,4,1505,0.037899017
0.048869848,4,1506,0.04587841
0.031913757,3,1507,0.030916452
0.031913757,3,1508,0.030915976
0.044879675,4,1509,0.041887522
0.04188776,4,1510,0.038895845
0.055850744,4,1511,0.050864935
0.054853439,4,1512,0.049866438
0.041887045,4,1513,0.036899805
0.040890455,4,1514,0.038895369
0.038896561,4,1515,0.035905838
0.050864697,4,1516,0.046874285
0.055850506,4,1517,0.051861525
0.037991762,3,1518,0.035996914
0.049375057,4,1519,0.046383381
0.034906626,3,1520,0.034906626
0.041887522,4,1521,0.03889513
0.047872066,4,1522,0.044880152
0.042885065,4,1523,0.039893866
0.046874523,4,1524,0.043881893
0.035904408,3,1525,0.034907341
0.036901474,3,1526,0.035904169
0.031914711,3,1527,0.030918121
0.056848288,4,1528,0.052858591
0.038895607,3,1529,0.036901474
0.053855419,4,1530,0.049866199
0.041887283,4,1531,0.038895369
0.028922081,3,1532,0.026927471
0.029921055,3,1533,0.028924465
0.052370071,4,1534,0.04838109
0.04587698,4,1535,0.042885065
0.035904408,3,1536,0.033909559
0.053845644,4,1537,0.049856901
0.053856373,4,1538,0.049867153
0.045877457,4,1539,0.041887522
0.044880867,4,1540,0.039895058
0.044879913,4,1541,0.041889429
0.053855658,4,1542,0.05086422
0.04587698,4,1543,0.041886091
0.04986763,4,1544,0.04587841
0.041888237,3,1545,0.040890694
0.048868418,4,1546,0.046874046
0.035904884,3,1547,0.034906626
0.073803186,4,1548,0.067819118
0.044878006,3,1549,0.042883158
0.050864458,4,1550,0.047872543
0.047870398,4,1551,0.045875549
0.054852247,4,1552,0.049864054
0.036901236,3,1553,0.034906626
0.049866438,4,1554,0.045877457
0.057845592,4,1555,0.052859306
0.056848049,4,1556,0.051861286
0.049867153,4,1557,0.045878649
0.040890217,3,1558,0.039892912
0.055850744,4,1559,0.04986763
0.045876503,4,1560,0.042885542
0.028922081,3,1561,0.027924061
0.040890694,4,1562,0.037898064
0.041888237,4,1563,0.039894342
0.042885542,4,1564,0.040891409
0.031913757,3,1565,0.030916929
0.031913757,3,1566,0.029919147
0.028922081,3,1567,0.028922081
0.042396784,4,1568,0.039406776
0.034906864,3,1569,0.033909798
0.030917406,3,1570,0.028922081
0.042396545,4,1571,0.037409067
0.042885542,4,1572,0.039894819
0.043392181,4,1573,0.039411783
0.042885542,4,1574,0.040890455
0.037899256,3,1575,0.036902189
0.029432297,3,1576,0.02843523
0.041888237,4,1577,0.038896561
0.040890217,4,1578,0.037898779
0.041888475,4,1579,0.038896084
0.04886961,4,1580,0.043883801
0.042886257,4,1581,0.039894342
0.048869371,4,1582,0.04587698
0.043882847,4,1583,0.041887999
0.046874046,4,1584,0.044879198
0.049865961,4,1585,0.046874285
0.044880629,4,1586,0.041888237
0.031914711,3,1587,0.029919624
0.030917883,3,1588,0.028923512
0.047872066,4,1589,0.042886496
0.04587698,4,1590,0.042884827
0.031916618,3,1591,0.031916618
0.033908606,3,1592,0.032910824
0.048869371,4,1593,0.043882847
0.049866438,4,1594,0.044879198
0.033910036,3,1595,0.032912731
0.057845354,4,1596,0.053856373
0.057845116,4,1597,0.053855419
0.030917406,3,1598,0.029920101
0.044390917,4,1599,0.042397022
0.04288578,4,1600,0.039893627
0.057357788,4,1601,0.052846193
0.056847811,4,1602,0.052858591
0.040890932,3,1603,0.039893866
0.044878483,4,1604,0.041886806
0.04188776,4,1605,0.038896084
0.041887999,4,1606,0.039894104
0.032912016,3,1607,0.032912016
0.057845354,4,1608,0.052858829
0.057845116,4,1609,0.053855896
0.044880867,4,1610,0.040891647
0.043883085,4,1611,0.040890932
0.04488039,4,1612,0.041888475
0.048869371,4,1613,0.046875477
0.048869133,4,1614,0.044879436
0.030430794,3,1615,0.029903173
0.058843136,4,1616,0.053856373
0.042885542,3,1617,0.040890455
0.058842182,4,1618,0.054853439
0.046874523,4,1619,0.042885303
0.04388237,4,1620,0.04088974
0.043393373,4,1621,0.039403677
0.054852962,4,1622,0.05086565
0.048869371,4,1623,0.043883801
0.044395447,4,1624,0.042400599
0.053856373,4,1625,0.049865484
0.047872305,4,1626,0.043880224
0.034907103,3,1627,0.032911539
0.048380852,4,1628,0.04439187
0.048870087,4,1629,0.045877934
0.033909559,3,1630,0.032912016
0.047871828,4,1631,0.045877457
0.04787159,4,1632,0.044879198
0.045877218,4,1633,0.042886972
0.031914711,3,1634,0.030917883
0.04488039,4,1635,0.041887522
0.043882608,4,1636,0.039894581
0.045878649,4,1637,0.041889191
0.042885065,4,1638,0.040890932
0.045877457,4,1639,0.041888714
0.046875,4,1640,0.042887449
0.030917406,3,1641,0.028922558
0.032912016,3,1642,0.030917883
0.030917168,3,1643,0.028922558
0.045877695,4,1644,0.04188776
0.045877457,4,1645,0.042887688
0.046874046,4,1646,0.042884111
0.042885303,4,1647,0.038896084
0.04488039,4,1648,0.043883324
0.031914234,3,1649,0.030916452
0.043882608,4,1650,0.041887999
0.046874285,4,1651,0.043882132
0.031914711,3,1652,0.031914711
0.033909321,3,1653,0.033909321
0.034906149,3,1654,0.033908844
0.049866676,4,1655,0.044881105
0.049866199,4,1656,0.046874046
0.046387196,4,1657,0.043396235
0.040890694,3,1658,0.037898302
0.053855419,4,1659,0.050863504
0.036416054,3,1660,0.035430431
0.036900282,3,1661,0.033909559
0.051862001,4,1662,0.048870564
0.046874523,4,1663,0.04388237
0.043881893,4,1664,0.040888786
0.042885303,4,1665,0.039894104
0.045877695,4,1666,0.042885303
0.046875,4,1667,0.043883085
0.033910275,3,1668,0.032913446
0.044879436,4,1669,0.042885542
0.031914473,3,1670,0.030916929
0.045877457,4,1671,0.042884588
0.059841633,4,1672,0.055851936
0.050863266,4,1673,0.047871113
0.054852962,4,1674,0.051860332
0.048869371,4,1675,0.044880629
0.030917883,3,1676,0.029921055
0.044879913,4,1677,0.041887522
0.051860571,4,1678,0.047870636
0.044880867,4,1679,0.041888237
0.043882608,4,1680,0.040890694
0.033911228,3,1681,0.032914162
0.032421827,3,1682,0.031424522
0.046875,4,1683,0.042886019
0.047382355,4,1684,0.045387745
0.051861286,4,1685,0.047871828
0.034906626,3,1686,0.033908367
0.062832594,4,1687,0.058843374
0.060837507,4,1688,0.056848764
0.060837507,4,1689,0.056848288
0.045876265,4,1690,0.042884827
0.031915188,3,1691,0.030917883
0.033909798,3,1692,0.032912254
0.045878172,4,1693,0.042886019
0.047871351,4,1694,0.044880152
0.04886961,4,1695,0.045878172
0.056847811,4,1696,0.052858829
0.0613482,4,1697,0.05735898
0.04388237,3,1698,0.042885065
0.048868418,4,1699,0.044879436
0.045876741,4,1700,0.042885303
0.048380613,4,1701,0.045388937
0.044880152,4,1702,0.040889978
0.04937768,4,1703,0.046386719
0.046875,4,1704,0.043883324
0.044879436,4,1705,0.040890455
0.04587698,4,1706,0.042885065
0.045877695,4,1707,0.041888475
0.031915188,3,1708,0.030917883
0.049866676,4,1709,0.044875622
0.045877457,4,1710,0.041887045
0.050863743,4,1711,0.045876503
0.052859068,4,1712,0.050863743
0.05684638,4,1713,0.052856684
0.049866676,4,1714,0.044880152
0.052858114,4,1715,0.048867941
0.049866438,4,1716,0.046873569
0.051861286,4,1717,0.045877695
0.046874523,4,1718,0.042885542
0.056848764,4,1719,0.052859783
0.062344074,4,1720,0.056360483
0.048869371,4,1721,0.045878887
0.045877695,4,1722,0.041886806
0.034906149,3,1723,0.033909082
0.045877218,4,1724,0.04388237
0.032912254,3,1725,0.032912254
0.049865484,4,1726,0.046871424
0.044880629,4,1727,0.042886734
0.045879126,4,1728,0.042887449
0.031914711,3,1729,0.030917883
0.04886961,4,1730,0.04488039
0.034425497,3,1731,0.03143239
0.051857948,4,1732,0.048866272
0.052370071,4,1733,0.050375223
0.035904646,3,1734,0.033910751
0.046388149,4,1735,0.044393539
0.04587698,4,1736,0.043882608
0.035903454,3,1737,0.033909082
0.048859119,4,1738,0.045867682
0.043882608,4,1739,0.039891243
0.043881178,4,1740,0.040887833
0.060837746,4,1741,0.055851221
0.044879198,3,1742,0.043882608
0.045877218,3,1743,0.044879675
0.048868656,4,1744,0.045876503
0.033910036,3,1745,0.032912493
0.045877218,4,1746,0.042885542
0.062831163,4,1747,0.058842659
0.061833858,4,1748,0.057845116
0.044879913,3,1749,0.042885542
0.035903692,3,1750,0.034906387
0.047872543,3,1751,0.045877218
0.041888714,3,1752,0.038896084
0.06482625,4,1753,0.059839487
0.064826965,4,1754,0.058842897
0.063829184,4,1755,0.057845592
0.049866676,4,1756,0.047872066
0.032912016,3,1757,0.032912016
0.033911467,3,1758,0.032914877
0.039893627,3,1759,0.038896322
0.035903931,3,1760,0.034908295
0.062832117,4,1761,0.059839249
0.063829899,4,1762,0.058843136
0.06283164,4,1763,0.058842421
0.063828707,4,1764,0.059840202
0.046873569,4,1765,0.043881655
0.047871828,4,1766,0.044879198
0.048870564,4,1767,0.045878887
0.03490591,3,1768,0.033909082
0.047870159,4,1769,0.043881416
0.04188633,3,1770,0.04188633
0.041887999,3,1771,0.040889978
0.047872305,4,1772,0.04388237
0.049866915,4,1773,0.04787302
0.049866915,4,1774,0.047872782
0.045877457,4,1775,0.041888237
0.034906387,3,1776,0.033909559
0.048870087,4,1777,0.045877457
0.048869133,4,1778,0.045878649
0.049866676,4,1779,0.046874762
0.033908844,3,1780,0.031914711
0.047871113,4,1781,0.042883873
0.054852247,4,1782,0.051860094
0.052858114,4,1783,0.046874523
0.038923502,3,1784,0.037925482
0.051362514,4,1785,0.048371077
0.049866676,4,1786,0.046875477
0.047872305,4,1787,0.044880867
0.049378872,4,1788,0.046386957
0.034906864,3,1789,0.034906864
0.04886961,4,1790,0.04488039
0.06283164,4,1791,0.057844877
0.046998024,3,1792,0.045480967
0.06297493,4,1793,0.05800271
0.034998655,3,1794,0.034482479
0.057013988,4,1795,0.052515984
0.04846549,4,1796,0.045473099
0.04787302,4,1797,0.04488039
0.048869371,4,1798,0.045876503
0.036900043,3,1799,0.0359025
0.047872782,4,1800,0.044879436
0.041887999,3,1801,0.038894653
0.037897587,3,1802,0.037897587
0.04787159,4,1803,0.042885303
0.046874762,4,1804,0.04288578
0.049866915,4,1805,0.047872782
0.056847811,4,1806,0.054853201
0.058842182,4,1807,0.052857637
0.051861048,4,1808,0.046873093
0.054853201,4,1809,0.052857876
0.048869133,4,1810,0.045876741
0.034906149,3,1811,0.033909321
0.033909559,3,1812,0.032912016
0.049866915,4,1813,0.047872305
0.047872543,4,1814,0.04488039
0.035957813,3,1815,0.035957813
0.052369118,4,1816,0.049377441
0.055850744,4,1817,0.052861691
0.054852009,4,1818,0.051859856
0.05197525,4,1819,0.048983097
0.049009562,4,1820,0.044987202
0.03798604,3,1821,0.03798604
0.035517693,3,1822,0.034520626
0.048954487,4,1823,0.04596138
0.050864458,4,1824,0.04787612
0.050076008,4,1825,0.047083616
0.065920591,4,1826,0.060905695
0.045973539,3,1827,0.044976234
0.047891855,4,1828,0.044900894
0.049865961,4,1829,0.047871828
0.049867392,4,1830,0.046875238
0.050895929,4,1831,0.046907663
0.052371502,4,1832,0.050376654
0.050864458,4,1833,0.046875954
0.053855419,4,1834,0.049865723
0.056914806,4,1835,0.05292511
0.051361799,4,1836,0.048369169
0.047872066,4,1837,0.043883324
0.058842897,4,1838,0.055850744
0.065823555,4,1839,0.061834335
0.060835361,4,1840,0.05784297
0.055850983,4,1841,0.05186224
0.054853201,4,1842,0.051861525
0.058842182,4,1843,0.054852724
0.055361986,4,1844,0.049378395
0.055851936,4,1845,0.050865412
0.040403128,3,1846,0.03988266
0.033909082,3,1847,0.032912254
0.037423849,3,1848,0.035429478
0.051861286,4,1849,0.048870087
0.056846619,4,1850,0.053855658
0.039893389,3,1851,0.036902189
0.05385685,4,1852,0.051862478
0.037411451,3,1853,0.037411451
0.060836077,4,1854,0.058841228
0.048383951,4,1855,0.045392513
0.048869371,4,1856,0.04587841
0.050376415,4,1857,0.047384501
0.053856134,4,1858,0.049866915
0.039891958,3,1859,0.038896561
0.048870087,4,1860,0.045879126
0.051860809,4,1861,0.048868656
0.066821337,4,1862,0.062831402
0.047871828,3,1863,0.046874762
0.050863743,4,1864,0.047872305
0.048869371,4,1865,0.04587841
0.052857876,4,1866,0.049864531
0.049866438,4,1867,0.046875238
0.052856445,4,1868,0.048866272
0.055850267,4,1869,0.052858591
0.052858829,4,1870,0.048870087
0.049866438,4,1871,0.046875
0.054854155,4,1872,0.052859783
0.060837269,4,1873,0.057844877
0.047872782,4,1874,0.044882298
0.05086422,4,1875,0.047872782
0.054852247,4,1876,0.049865961
0.036901951,3,1877,0.036901951
0.052858591,4,1878,0.05086422
0.055849791,4,1879,0.051861048
0.060837269,4,1880,0.058842421
0.037898302,3,1881,0.036900282
0.052858114,4,1882,0.049865961
0.055850983,4,1883,0.052858114
0.051861048,4,1884,0.047872543
0.049867153,4,1885,0.046875715
0.051371813,4,1886,0.047383308
0.048869133,4,1887,0.04488039
0.056360483,4,1888,0.052386045
0.042885542,3,1889,0.042885542
0.051860571,4,1890,0.048868179
0.049377441,4,1891,0.045866013
0.056847811,4,1892,0.053852558
0.035904169,3,1893,0.034907341
0.048869848,4,1894,0.04587698
0.050863981,4,1895,0.047872066
0.051860809,4,1896,0.048867941
0.056849003,4,1897,0.052859306
0.054852247,4,1898,0.052857876
0.050864458,4,1899,0.047873259
0.050863266,4,1900,0.046872377
0.046875477,3,1901,0.044880867
0.066821575,4,1902,0.062828302
0.049865961,4,1903,0.046873569
0.051861286,4,1904,0.048870087
0.052857876,4,1905,0.04986763
0.051861048,4,1906,0.048869133
0.046875477,3,1907,0.045877934
0.068815708,4,1908,0.064826488
0.045876741,3,1909,0.044879436
0.035903692,3,1910,0.034906387
0.039892912,3,1911,0.039892912
0.03989315,3,1912,0.038895845
0.049866676,4,1913,0.047872543
0.05385375,4,1914,0.050861597
0.054852009,4,1915,0.050864935
0.036899567,3,1916,0.036899567
0.050863743,4,1917,0.048868895
0.03889513,3,1918,0.037898064
0.03641057,3,1919,0.03641057
0.049866199,4,1920,0.046873331
0.037413359,3,1921,0.036415815
0.037898779,3,1922,0.036901474
0.036901236,3,1923,0.034906626
0.055849791,4,1924,0.051859617
0.036899805,3,1925,0.035902739
0.051861763,4,1926,0.04887104
0.056848049,4,1927,0.053855419
0.049866676,4,1928,0.046874285
0.052857399,4,1929,0.049866199
0.058842421,4,1930,0.054852009
0.057845116,4,1931,0.054852486
0.058842182,4,1932,0.055850506
0.052858591,4,1933,0.050864697
0.048868418,4,1934,0.046874046
0.081782579,4,1935,0.079787493
0.058842421,4,1936,0.055850744
0.051375151,4,1937,0.048382998
0.052858114,4,1938,0.047871113
0.052857876,4,1939,0.049865961
0.05086422,4,1940,0.047872543
0.049867392,3,1941,0.048870087
0.068815947,4,1942,0.06482625
0.040889978,3,1943,0.038895607
0.058842659,4,1944,0.05585289
0.055849552,4,1945,0.053854227
0.048869133,4,1946,0.046875
0.040891409,3,1947,0.040891409
0.039893389,3,1948,0.038896561
0.056847811,4,1949,0.05086422
0.056848049,4,1950,0.055850983
0.041887522,3,1951,0.03989315
0.054853916,4,1952,0.051862001
0.053858995,4,1953,0.050867558
0.038896799,3,1954,0.037899494
0.054852962,4,1955,0.051861286
0.050863981,4,1956,0.047872066
0.052370071,4,1957,0.048379421
0.050921679,4,1958,0.046931982
0.065326452,4,1959,0.061344862
0.061832905,4,1960,0.058841228
0.058843136,4,1961,0.054853201
0.061427832,4,1962,0.056451559
0.052858114,4,1963,0.048869371
0.053854227,4,1964,0.05185914
0.069813967,4,1965,0.065824986
0.067818642,4,1966,0.062832355
0.05485177,4,1967,0.051860332
0.058842659,4,1968,0.054852962
0.057844877,4,1969,0.05485177
0.063828468,4,1970,0.05983901
0.061951876,4,1971,0.058958292
0.057015896,4,1972,0.053026676
0.054361582,4,1973,0.051368952
0.053855181,4,1974,0.051860332
0.059839964,4,1975,0.057845354
0.061429501,4,1976,0.057893038
0.053856134,4,1977,0.049868345
0.051860094,4,1978,0.048866272
0.052857876,4,1979,0.049866199
0.051861286,4,1980,0.050863981
0.058842659,4,1981,0.053856134
0.057845592,4,1982,0.055850744
0.055851698,4,1983,0.051863194
0.053367376,4,1984,0.050376177
0.05735898,4,1985,0.053369761
0.050863981,4,1986,0.047871351
0.067332029,4,1987,0.06334281
0.069813251,4,1988,0.064826727
0.071807861,4,1989,0.06781888
0.087765217,4,1990,0.083774805
0.054853678,4,1991,0.051861763
0.040890694,3,1992,0.039893389
0.054852962,4,1993,0.049866676
0.055849552,4,1994,0.053854465
0.050864458,4,1995,0.048870087
0.051861286,4,1996,0.047869205
0.050863981,4,1997,0.04787159
0.058842659,4,1998,0.054852486
0.054853678,4,1999,0.052859783
0.05385685,4,2000,0.051861763
0.053855896,4,2001,0.051860571
0.052859545,4,2002,0.049864292
0.053372145,4,2003,0.051377535
0.059840441,4,2004,0.054853916
0.039406061,3,2005,0.038408756
0.062831879,4,2006,0.059840202
0.0718081,4,2007,0.06781888
0.054852724,4,2008,0.052853107
0.052860737,4,2009,0.050865889
0.06582427,4,2010,0.062832594
0.06482625,4,2011,0.061834335
0.054853916,4,2012,0.051862717
0.053856373,4,2013,0.050864458
0.039892912,3,2014,0.038895845
0.052858829,4,2015,0.048868656
0.052858591,4,2016,0.049867153
0.061833858,4,2017,0.057845354
0.059839964,4,2018,0.055852175
0.054854155,4,2019,0.051862001
0.053856134,4,2020,0.050863743
0.055361509,4,2021,0.052367449
0.052859306,4,2022,0.050864697
0.071808338,4,2023,0.0688169
0.0718081,4,2024,0.066822052
0.042885542,3,2025,0.041888237
0.038895607,3,2026,0.037897825
0.053855658,4,2027,0.050863504
0.060836315,4,2028,0.057846546
0.060837269,4,2029,0.056847811
0.058842659,4,2030,0.055851221
0.060836077,4,2031,0.057844877
0.057846069,4,2032,0.054854631
0.053856611,4,2033,0.050864935
0.070810318,4,2034,0.065823793
0.071321249,4,2035,0.067331791
0.06034708,4,2036,0.057356358
0.071807623,4,2037,0.066821337
0.05835247,4,2038,0.053365469
0.057358742,4,2039,0.053381681
0.040890932,3,2040,0.03889513
0.054852962,4,2041,0.051861763
0.064826488,4,2042,0.060835838
0.056847334,4,2043,0.054854155
0.038897038,3,2044,0.036902666
0.052858591,4,2045,0.049866199
0.052856922,4,2046,0.049865246
0.061834097,4,2047,0.059839725
0.055850029,4,2048,0.051860094
0.056848764,4,2049,0.053856373
0.053856611,4,2050,0.049866676
0.058356762,4,2051,0.056362867
0.05385685,4,2052,0.051861763
0.056847811,4,2053,0.052859545
0.053856373,4,2054,0.052858829
0.055850506,4,2055,0.053856134
0.052858591,4,2056,0.05086422
0.054852486,4,2057,0.051859856
0.055850029,4,2058,0.051860571
0.055852175,4,2059,0.051862478
0.03989315,3,2060,0.038895607
0.038896799,3,2061,0.037898779
0.041887999,3,2062,0.040889025
0.055850744,4,2063,0.051858902
0.05684638,4,2064,0.053854227
0.053855181,4,2065,0.048869848
0.06183362,4,2066,0.057844162
0.064826727,4,2067,0.060836792
0.065824032,4,2068,0.06283164
0.062832117,4,2069,0.058842659
0.041887999,3,2070,0.041887999
0.039403677,3,2071,0.038405657
0.061834574,4,2072,0.057846308
0.055361986,4,2073,0.052370071
0.054853201,4,2074,0.051860809
0.061347485,4,2075,0.058355093
0.056358099,4,2076,0.053365231
0.055850983,4,2077,0.053855658
0.056358337,4,2078,0.053366184
0.059838533,4,2079,0.056845427
0.039893627,3,2080,0.039893627
0.058843613,4,2081,0.056849003
0.058842897,4,2082,0.055849552
0.054853678,4,2083,0.051862955
0.058843851,4,2084,0.053857803
0.057844639,4,2085,0.053854465
0.054852724,4,2086,0.051860809
0.056847572,4,2087,0.053854942
0.052858353,4,2088,0.048867941
0.061832666,4,2089,0.059837818
0.060836315,4,2090,0.057844639
0.055851221,4,2091,0.052858353
0.054852724,4,2092,0.051860809
0.058841467,4,2093,0.053854942
0.057845354,4,2094,0.053856134
0.058842421,4,2095,0.055850267
0.06482625,4,2096,0.0578444
0.078790188,4,2097,0.072805166
0.06682086,4,2098,0.062831879
0.060836792,4,2099,0.057845116
0.057845592,4,2100,0.053857803
0.071807623,4,2101,0.065823317
0.074800491,4,2102,0.070811033
0.074799776,4,2103,0.070811033
0.073802471,4,2104,0.069812298
0.060836315,4,2105,0.0578444
0.065822601,4,2106,0.060835123
0.06083703,4,2107,0.057843924
0.045877457,3,2108,0.043883324
0.057845116,4,2109,0.054852724
0.053856134,4,2110,0.050863266
0.06283164,4,2111,0.05983901
0.066820621,4,2112,0.063826323
0.054364443,4,2113,0.051373005
0.055850029,4,2114,0.051862717
0.057357073,4,2115,0.054363966
0.047872543,3,2116,0.045877934
0.057359695,4,2117,0.054367781
0.054853678,4,2118,0.051862001
0.074314356,4,2119,0.070324898
0.075797319,4,2120,0.070811033
0.067817688,4,2121,0.064826012
0.060836792,4,2122,0.058842182
0.062832355,4,2123,0.059839249
0.070810795,4,2124,0.064826965
0.068817139,4,2125,0.064827919
0.065824509,4,2126,0.061835289
0.064826012,4,2127,0.059840202
0.060837507,4,2128,0.057845592
0.061835289,4,2129,0.057845592
0.060837507,4,2130,0.056849003
0.056848288,4,2131,0.05286026
0.056848764,4,2132,0.05485487
0.058842659,4,2133,0.05485177
0.039891958,3,2134,0.038894653
0.06083703,4,2135,0.057843924
0.040890932,3,2136,0.039893866
0.058356524,4,2137,0.055364132
0.057355881,4,2138,0.054363251
0.061835527,4,2139,0.058845758
0.058353901,4,2140,0.05436492
0.04587698,3,2141,0.04388237
0.061835051,4,2142,0.058843374
0.056849003,4,2143,0.053856134
0.055850744,4,2144,0.052859545
0.058841944,4,2145,0.055851221
0.055850029,4,2146,0.053854942
0.058841705,4,2147,0.054853439
0.059839725,4,2148,0.056847334
0.059839487,4,2149,0.056848288
0.059351683,4,2150,0.055361986
0.065824509,4,2151,0.062832355
0.066821575,4,2152,0.063829422
0.067817926,4,2153,0.065823317
0.060837507,4,2154,0.058841705
0.057845592,4,2155,0.052859306
0.058868885,4,2156,0.055877447
0.056846142,4,2157,0.053854942
0.056847811,4,2158,0.055850267
0.067818403,4,2159,0.064826965
0.064826727,4,2160,0.061834574
0.073803186,4,2161,0.067819595
0.075797558,4,2162,0.071808577
0.061835051,4,2163,0.058843374
0.060837507,4,2164,0.055850983
0.059840202,4,2165,0.056847811
0.055848837,4,2166,0.052856207
0.060836554,4,2167,0.0578444
0.067819118,4,2168,0.063829184
0.056847572,4,2169,0.05485177
0.056848049,4,2170,0.053856373
0.057846069,4,2171,0.053855419
0.06083703,4,2172,0.056848764
0.060836792,4,2173,0.057845592
0.058841944,4,2174,0.056848049
0.065824032,4,2175,0.061834335
0.067819357,4,2176,0.061835289
0.070832729,4,2177,0.068316698
0.056847811,4,2178,0.055850267
0.063830137,4,2179,0.059841156
0.057845116,4,2180,0.054853201
0.060836077,4,2181,0.056846142
0.071807861,4,2182,0.06781888
0.061835527,4,2183,0.058843851
0.068815708,4,2184,0.064826488
0.076794863,4,2185,0.072805405
0.068330288,4,2186,0.06533885
0.058842421,4,2187,0.054851532
0.059838772,4,2188,0.056847572
0.06582427,4,2189,0.062833071
0.061835289,4,2190,0.058842897
0.057844639,4,2191,0.054850578
0.059839725,4,2192,0.056847572
0.058843374,4,2193,0.057846069
0.058842659,4,2194,0.056848764
0.062832117,4,2195,0.059839964
0.05835557,4,2196,0.055361748
0.058842897,4,2197,0.05585146
0.05935359,4,2198,0.055363894
0.058841944,4,2199,0.056847334
0.055850983,4,2200,0.053856373
0.060837269,4,2201,0.058842897
0.05585146,4,2202,0.052858591
0.061836004,4,2203,0.057846785
0.044879436,3,2204,0.04388237
0.075795889,4,2205,0.072803259
0.074799299,4,2206,0.069813013
0.075797558,4,2207,0.071809292
0.078300476,4,2208,0.07331419
0.067818642,4,2209,0.06382966
0.067819118,4,2210,0.064827442
0.061834335,4,2211,0.057844639
0.059351444,4,2212,0.055361986
0.062833309,4,2213,0.058844805
0.042399168,3,2214,0.041404009
0.062832117,4,2215,0.061834335
0.058355093,4,2216,0.054377079
0.059352636,4,2217,0.056361914
0.057846069,4,2218,0.055851221
0.058841944,4,2219,0.057845116
0.058842659,4,2220,0.054852962
0.062832117,4,2221,0.058841705
0.057841063,4,2222,0.054852486
0.060837269,4,2223,0.057845831
0.061835289,4,2224,0.057846308
0.059840441,4,2225,0.056849003
0.058842659,4,2226,0.05485487
0.044879198,3,2227,0.043881655
0.044880629,3,2228,0.043883562
0.057846069,4,2229,0.055852413
0.066821337,4,2230,0.064826488
0.065823793,4,2231,0.061834097
0.06582427,4,2232,0.061835766
0.058842659,4,2233,0.055851221
0.063829184,4,2234,0.060837269
0.067329407,4,2235,0.064336777
0.059839487,4,2236,0.056846857
0.058842659,4,2237,0.054853439
0.06382966,4,2238,0.060838938
0.058842897,4,2239,0.054853678
0.059839964,4,2240,0.056847811
0.063829422,4,2241,0.060838223
0.059840679,4,2242,0.055852175
0.057359219,4,2243,0.055365086
0.05536294,3,2244,0.054365635
0.079786777,4,2245,0.074800491
0.065333605,4,2246,0.0613451
0.066332817,4,2247,0.063340664
0.066821098,4,2248,0.061835289
0.067819357,4,2249,0.06382966
0.064826727,4,2250,0.061836004
0.068816662,4,2251,0.065825701
0.082778931,4,2252,0.077792645
0.060838461,4,2253,0.057846308
0.075797558,4,2254,0.070811272
0.079786062,4,2255,0.076794386
0.075797081,4,2256,0.0718081
0.078789234,4,2257,0.074799538
0.066334009,4,2258,0.063342571
0.068815231,4,2259,0.064826965
0.067331076,4,2260,0.063341856
0.071318626,4,2261,0.067328691
0.061835527,4,2262,0.056849718
0.070811272,4,2263,0.06682229
0.071808338,4,2264,0.0688169
0.059351206,4,2265,0.055362463
0.061834574,4,2266,0.057841301
0.058357954,4,2267,0.055366278
0.047398329,3,2268,0.046401501
0.065823317,4,2269,0.062832117
0.059839964,4,2270,0.056849241
0.06183362,4,2271,0.05983901
0.062831879,4,2272,0.057844639
0.057844162,4,2273,0.052856445
0.060838223,4,2274,0.057846546
0.058842421,4,2275,0.056848049
0.064826727,4,2276,0.061835527
0.069813251,4,2277,0.065825224
0.063829422,4,2278,0.061834812
0.064826488,4,2279,0.062831402
0.065824509,4,2280,0.062830925
0.059839964,4,2281,0.054851294
0.068328857,4,2282,0.065336227
0.0718081,4,2283,0.067818165
0.069880486,4,2284,0.067885876
0.069992781,4,2285,0.06550622
0.061377048,4,2286,0.059382439
0.060839176,4,2287,0.058845758
0.062344551,4,2288,0.059353113
0.063829899,4,2289,0.061835766
0.062833071,4,2290,0.060839653
0.059839964,4,2291,0.057846069
0.062977076,4,2292,0.059455156
0.060057878,4,2293,0.057065487
0.061383009,4,2294,0.057394028
0.061834812,4,2295,0.058843374
0.060837269,4,2296,0.056847811
0.061374664,4,2297,0.05838275
0.062832355,4,2298,0.059841394
0.062832117,4,2299,0.059840918
0.061377525,4,2300,0.059383869
0.061834574,4,2301,0.059118509
0.060838223,4,2302,0.056848049
0.045907021,3,2303,0.044909954
0.067328691,4,2304,0.064335346
0.062829971,4,2305,0.05883956
0.060872316,4,2306,0.056882858
0.062978983,4,2307,0.06046772
0.072314024,4,2308,0.069322586
0.065824032,4,2309,0.062831879
0.063828468,4,2310,0.059838772
0.062829494,4,2311,0.059838057
0.066821098,4,2312,0.062831402
0.061835289,4,2313,0.058843136
0.062833309,4,2314,0.059842587
0.060837269,4,2315,0.056848288
0.07679534,4,2316,0.072805643
0.0827775,4,2317,0.078787804
0.081780672,4,2318,0.07878828
0.081293821,4,2319,0.077305079
0.06283164,4,2320,0.057851553
0.061345816,4,2321,0.059350729
0.06382966,4,2322,0.060838223
0.062831879,4,2323,0.059839964
0.06283164,4,2324,0.05983901
0.062344551,4,2325,0.059352636
0.07081151,4,2326,0.065824747
0.080785275,4,2327,0.07779336
0.071807861,4,2328,0.067815781
0.067820311,4,2329,0.064826727
0.069813251,4,2330,0.06681776
0.059839725,4,2331,0.056848288
0.061835527,4,2332,0.059840918
0.063341379,4,2333,0.059351683
0.064339399,4,2334,0.062344551
0.061835289,4,2335,0.057847023
0.072314501,4,2336,0.069322586
0.064336777,4,2337,0.061344862
0.063828945,4,2338,0.061834097
0.064827442,4,2339,0.061835527
0.065824747,4,2340,0.062833548
0.060835838,4,2341,0.056842566
0.069813013,4,2342,0.065823793
0.07081151,4,2343,0.067820311
0.067817926,4,2344,0.064826727
0.070810556,4,2345,0.067819595
0.07081008,4,2346,0.064826012
0.070810556,4,2347,0.067818165
0.072804689,4,2348,0.069812536
0.069813967,4,2349,0.06582427
0.063830376,4,2350,0.061835766
0.064826488,4,2351,0.062832355
0.067328691,4,2352,0.063337564
0.064367056,4,2353,0.061376333
0.07180953,4,2354,0.069815636
0.070811749,4,2355,0.067819118
0.06333971,4,2356,0.059351444
0.059840441,4,2357,0.057845116
0.068813801,4,2358,0.065821886
0.061835051,4,2359,0.059840918
0.062832594,4,2360,0.060838461
0.060837984,4,2361,0.058843851
0.06732893,4,2362,0.065334558
0.064337492,4,2363,0.060825825
0.062831879,4,2364,0.059838772
0.063341856,4,2365,0.059351444
0.062831879,4,2366,0.058842659
0.061833382,4,2367,0.0578444
0.068816662,4,2368,0.064827919
0.062832832,4,2369,0.060838461
0.063830853,4,2370,0.061837435
0.062345982,4,2371,0.060352325
0.063830137,4,2372,0.060838938
0.062832117,4,2373,0.059841394
0.071807623,4,2374,0.067818403
0.065823793,4,2375,0.062832117
0.068814993,4,2376,0.066823244
0.065824032,4,2377,0.062831879
0.067819118,4,2378,0.065825462
0.062831879,4,2379,0.059839964
0.068815947,4,2380,0.066822052
0.067819357,4,2381,0.064828157
0.078788996,4,2382,0.074800014
0.065825224,4,2383,0.062833548
0.071807861,4,2384,0.067813635
0.063830137,4,2385,0.061835289
0.078788996,4,2386,0.074799776
0.075796843,4,2387,0.071807861
0.083775759,4,2388,0.079786777
0.085770845,4,2389,0.080784321
0.072804689,4,2390,0.06881547
0.068816185,4,2391,0.063829422
0.08477354,4,2392,0.078790188
0.084773064,4,2393,0.080783606
0.074799299,4,2394,0.071807146
0.088785887,4,2395,0.081296206
0.07531333,4,2396,0.071323872
0.062832117,4,2397,0.059839249
0.063340187,4,2398,0.061345816
0.062344313,4,2399,0.059352398
0.084773779,4,2400,0.080784798
0.084772825,4,2401,0.079786062
0.063829184,4,2402,0.062831402
0.063830137,4,2403,0.059843302
0.063830137,4,2404,0.060837269
0.062832594,4,2405,0.060838461
0.050864935,3,2406,0.048870087
0.069327831,4,2407,0.067332983
0.066822052,4,2408,0.06382966
0.065823555,4,2409,0.062831163
0.06682086,4,2410,0.062831402
0.062831879,4,2411,0.059840202
0.072804689,4,2412,0.069811583
0.073801517,4,2413,0.071807384
0.070811749,4,2414,0.067819834
0.068816662,4,2415,0.065824509
0.072805166,4,2416,0.068815708
0.080785036,4,2417,0.075798035
0.074799299,4,2418,0.071806192
0.07280612,4,2419,0.069812298
0.064826965,4,2420,0.060839176
0.062345505,4,2421,0.060351372
0.068325758,4,2422,0.065334082
0.06682229,4,2423,0.064827442
0.063342571,4,2424,0.06035018
0.06582427,4,2425,0.063829899
0.067818403,4,2426,0.062833071
0.061835527,4,2427,0.059840679
0.066822052,4,2428,0.063830376
0.064826965,4,2429,0.062832355
0.067818403,4,2430,0.064826488
0.063829899,4,2431,0.061835527
0.066820383,4,2432,0.063828468
0.062830925,4,2433,0.060836077
0.064826965,4,2434,0.060837269
0.06582427,4,2435,0.061836481
0.064827442,4,2436,0.061834335
0.062343597,4,2437,0.058835268
0.065823555,4,2438,0.063828945
0.065824032,4,2439,0.062831163
0.066331625,4,2440,0.063339472
0.075797081,4,2441,0.071807623
0.064335108,4,2442,0.06134367
0.080784798,4,2443,0.077792883
0.069812298,4,2444,0.065821648
0.066331863,4,2445,0.063341856
0.065823555,4,2446,0.06382823
0.064339638,4,2447,0.061346054
0.065823793,4,2448,0.062831402
0.063829184,4,2449,0.060838223
0.064827204,4,2450,0.062832832
0.06582427,4,2451,0.062833309
0.08078289,4,2452,0.076794147
0.074799776,4,2453,0.071809053
0.065824986,4,2454,0.062834501
0.066821098,4,2455,0.064826965
0.064827442,4,2456,0.061835051
0.065404892,4,2457,0.060418367
0.086277723,4,2458,0.082288504
0.087765455,4,2459,0.083775759
0.090756893,4,2460,0.086767435
0.085770369,4,2461,0.08178091
0.072832108,4,2462,0.069839954
0.068984985,4,2463,0.066966295
0.067333937,4,2464,0.062349319
0.065824032,4,2465,0.063830137
0.066822052,4,2466,0.064828873
0.064827442,4,2467,0.061835766
0.08676815,4,2468,0.081781387
0.088762283,4,2469,0.084773064
0.077791452,4,2470,0.073802233
0.065824747,4,2471,0.063830137
0.066821098,4,2472,0.063828707
0.063829184,4,2473,0.058840513
0.070320368,4,2474,0.066330194
0.073801756,4,2475,0.070808411
0.075796604,4,2476,0.071807861
0.080784559,4,2477,0.074800253
0.081780195,4,2478,0.078788519
0.065823078,4,2479,0.062831402
0.070810318,4,2480,0.069811821
0.076794386,4,2481,0.072804928
0.07380271,4,2482,0.071807861
0.076794147,4,2483,0.072804689
0.087764978,4,2484,0.082778215
0.085770845,4,2485,0.080784559
0.082778454,4,2486,0.07878828
0.088762522,4,2487,0.084773779
0.066820621,4,2488,0.063829184
0.06881547,4,2489,0.065823078
0.069812775,4,2490,0.066821098
0.065823317,4,2491,0.063830376
0.074799538,4,2492,0.070811033
0.075797558,4,2493,0.072806358
0.073802233,4,2494,0.07081008
0.073803186,4,2495,0.070810556
0.08577013,4,2496,0.08177948
0.0718081,4,2497,0.068814993
0.08178091,4,2498,0.077789545
0.088274002,4,2499,0.082290411
